{"cameraMode":{"drawMode":0,"name":"Shaded","section":"Shading Mode"},"sceneLighting":true,"audioPlay":false,"sceneViewState":{"showFog":true,"showMaterialUpdate":false,"showSkybox":true,"showFlares":true,"showImageEffects":true,"showParticleSystems":true},"in2DMode":false,"pivot":{"x":28.402587890625,"y":1.665450096130371,"z":24.63134765625},"rotation":{"x":0.008705978281795979,"y":-0.9818699955940247,"z":0.04657388851046562,"w":0.18354035913944245},"size":7.000049591064453,"orthographic":true}