{"cameraMode":{"drawMode":0,"name":"Shaded","section":"Shading Mode"},"sceneLighting":true,"audioPlay":false,"sceneViewState":{"showFog":true,"showMaterialUpdate":false,"showSkybox":true,"showFlares":true,"showImageEffects":true,"showParticleSystems":true},"in2DMode":false,"pivot":{"x":-23.958629608154298,"y":-45.59838104248047,"z":81.83130645751953},"rotation":{"x":0.2622968256473541,"y":-0.1512213498353958,"z":0.0416581891477108,"w":0.9521551728248596},"size":111.17282104492188,"orthographic":false}