{"cameraMode":{"drawMode":0,"name":"Shaded","section":"Shading Mode"},"sceneLighting":true,"audioPlay":false,"sceneViewState":{"showFog":true,"showMaterialUpdate":false,"showSkybox":true,"showFlares":true,"showImageEffects":true,"showParticleSystems":true},"in2DMode":false,"pivot":{"x":28.402587890625,"y":1.665450096130371,"z":24.63134765625},"rotation":{"x":0.03679433837532997,"y":-0.07188854366540909,"z":0.0026537664234638216,"w":0.9967302083969116},"size":3.4613099098205568,"orthographic":true}