{"cameraMode":{"drawMode":0,"name":"Shaded","section":"Shading Mode"},"sceneLighting":true,"audioPlay":false,"sceneViewState":{"showFog":true,"showMaterialUpdate":false,"showSkybox":true,"showFlares":true,"showImageEffects":true,"showParticleSystems":true},"in2DMode":false,"pivot":{"x":1.5756425857543946,"y":5.213356018066406,"z":-3.3487510681152345},"rotation":{"x":-0.014927877113223076,"y":0.9698197245597839,"z":-0.061481181532144549,"w":-0.23548030853271485},"size":12.5305814743042,"orthographic":false}